event_id,service_tier,is_critical,officers_allocated,barricades_allocated,tow_trucks_allocated,qru_allocated,diversion_activated,effectiveness,p95_delay_optimized,p95_delay_no_resources,p95_delay_reduction_pct,site_cvar_90,robustness_score,duration_reliability,tail_risk_prob
FKID004401,normal,0,2,2,0,0,0,0.42879093615118513,83962.25310122137,146990.4075672093,42.87909361511822,90074.69963100083,0.6917314958749643,0.4902531930496151,1.0
FKID000002,normal,0,2,2,0,0,0,0.42879093615118513,111187.96382305458,194653.7106289394,42.87909361511829,122928.83846622687,0.6709110911334648,0.2653355958091057,1.0
FKID004492,normal,0,2,2,0,0,0,0.42879093615118513,106730.95060275505,186850.94015070485,42.879093615118286,107692.62960357354,0.6826415338933803,0.2622460253795743,1.0
FKID001592,normal,0,2,2,0,0,0,0.42879093615118513,100828.43943931784,176517.5761741846,42.87909361511828,103171.85362311607,0.6709886318385415,0.3010238103000637,1.0
FKID004531,normal,0,2,2,0,0,0,0.42879093615118513,48712.491862084484,85279.61992384892,42.87909361511801,63204.2254732579,0.6986795236708991,0.5407883238853544,1.0
FKID005996,elevated,0,3,2,0,0,0,0.5228860844789656,24644.217978577366,51652.69168824082,52.28860844789555,26317.86629534183,0.6752215159679494,0.4188443483262486,1.0
FKID006015,elevated,0,2,2,0,0,0,0.42879093615118513,150445.37211651323,263380.5757611935,42.87909361511834,283531.431974467,0.5883711828589915,0.3022843920176766,0.8421052631578947
FKID003897,elevated,0,3,2,0,0,0,0.5228860844789656,116968.36711005034,245158.15469836906,52.288608447896344,167145.9557081746,0.6914644886976131,0.3918286586460587,1.0
FKID004806,normal,0,2,2,0,0,0,0.42879093615118513,128470.16765420671,224909.18962064938,42.87909361511833,204415.38247076888,0.6880040484949375,0.5445576835139977,1.0
FKID004829,normal,0,2,2,0,0,0,0.42879093615118513,137029.88201867483,239894.44616891321,42.87909361511833,227864.07090355194,0.6387857868281211,0.3329688804415179,1.0
FKID005244,normal,0,2,2,0,0,0,0.42879093615118513,29520.049884672895,51679.93954046593,42.87909361511769,61879.33950833497,0.6893124681097379,0.3825978948523327,1.0
FKID000923,elevated,0,3,2,1,0,0,0.6284233089779543,67787.54711487547,182432.18359155263,62.84233089779509,69632.8484275903,0.6397455898466224,0.4016234313853387,1.0
FKID006340,normal,0,2,2,0,0,0,0.42879093615118513,248199.3553831765,434515.78606054623,42.87909361511842,7161231.756915758,0.3937542091984826,0.3631455926852346,0.8421052631578947
FKID006361,critical,1,3,2,1,1,1,0.7247292169102477,49923.02504217687,181359.69419573102,72.47292169102438,110077.95842148061,0.5835798450499413,0.3466379990473955,1.0
FKID006514,critical,1,3,2,1,1,1,0.7247292169102477,18844.800286579895,68459.13712693413,72.47292169102371,24650.933862127997,0.601139323035551,0.4135059181148774,1.0
FKID000316,critical,1,3,2,1,1,1,0.7247292169102477,104489.27226866869,379587.2235180145,72.47292169102458,130212.37872994695,0.5720551373043192,0.3524201911652639,1.0
FKID003911,elevated,0,3,2,1,0,0,0.6284233089779543,58989.8349198111,158755.47725438792,62.84233089779503,68880.28952286055,0.6196003610207792,0.4185709547529487,1.0
FKID004711,normal,0,2,2,0,0,0,0.42879093615118513,100441.74722804388,175840.60475382858,42.87909361511828,158270.38826345425,0.6437840266918657,0.4327654454870332,1.0
FKID001133,elevated,0,3,2,0,0,0,0.5228860844789656,84957.93361810378,178066.35030823838,52.288608447896266,95792.06074095014,0.6543371025232864,0.3941256402551067,1.0
FKID005079,normal,0,2,2,0,0,0,0.42879093615118513,90319.81124319643,158120.40977539858,42.879093615118244,150128.12644259812,0.6962510139836364,0.4671576653580221,1.0
FKID000944,elevated,0,3,2,1,1,0,0.7247292169102477,122919.37555037459,446539.8549409315,72.47292169102462,267337.36892331246,0.6090335979003525,0.3772562198837524,1.0
FKID006955,critical,1,2,2,0,0,1,0.42879093615118513,2302502.4359546117,4030927.6964905234,42.8790936151185,4877880.962198664,0.45862348039153555,0.3789497828116754,0.8421052631578947
FKID005137,normal,0,2,2,0,0,0,0.42879093615118513,171047.46580447484,299448.0946292318,42.879093615118364,269044.0888781758,0.6937476000644609,0.4167469082739704,1.0
FKID004125,emergency,1,3,2,1,1,1,0.7247292169102477,56751.20534638494,206165.01580511418,72.47292169102442,85092.55222179071,0.6063792592027212,0.4002600718973374,1.0
FKID001125,critical,1,3,2,1,1,1,0.7247292169102477,111039.01110787793,403381.0267167859,72.4729216910246,150176.6097337527,0.5675112362679648,0.3985786904659371,1.0
FKID007137,normal,0,3,2,0,0,0,0.5228860844789656,132835.59128741527,278414.83336815186,52.28860844789638,159339.79605246382,0.6550900509162499,0.4296821102914695,1.0
FKID007189,elevated,0,3,2,1,0,0,0.6284233089779543,53482.40264258026,143933.68565577528,62.842330897795,166599.3568990818,0.6496417004311966,0.4443872985860647,1.0
FKID001646,normal,0,3,2,0,0,0,0.5228860844789656,100286.95605703352,210194.99284047223,52.28860844789631,102004.37434885954,0.68147331536248,0.4056848994611063,1.0
FKID005593,normal,0,2,2,0,0,0,0.42879093615118513,186687.9251540811,326829.41670458653,42.87909361511838,293703.8509897601,0.6833205318591065,0.4421280641843303,1.0
FKID000129,elevated,0,3,2,1,0,0,0.6284233089779543,70603.76172310371,190011.27742675005,62.8423308977951,353566.29960739665,0.6489802537919833,0.4353287963476898,1.0
FKID005194,normal,0,2,2,0,0,0,0.42879093615118513,111210.88680368263,194693.84126074973,42.87909361511829,119380.3845745511,0.6952947838934367,0.4076365503297062,1.0
FKID001288,emergency,1,3,2,1,1,1,0.7247292169102477,149932.17836441752,544671.6018369882,72.47292169102462,213497.66177225966,0.552285450172459,0.3790771710749153,1.0
FKID001693,emergency,1,3,2,1,1,1,0.7247292169102477,50047.20707446043,181810.82101307675,72.47292169102438,72632.81488916196,0.5956956357153499,0.4000635926457191,1.0
FKID000022,critical,1,3,2,1,1,1,0.7247292169102477,64421.48066047178,234029.48884505156,72.47292169102448,65074.22218284096,0.5660702633577196,0.4074174212838157,1.0
FKID004519,normal,0,2,2,0,0,0,0.42879093615118513,90188.1017518289,157889.82959083345,42.87909361511824,92634.76799054575,0.697549590099694,0.4945198487529509,1.0
FKID007660,emergency,1,3,2,1,1,1,0.7247292169102477,32417.478124831963,117765.77870330036,72.47292169102414,87943.33722571757,0.5172991568728181,0.4221908168014643,1.0
FKID004408,normal,0,2,2,0,0,0,0.42879093615118513,133150.13977750696,233102.28811906345,42.87909361511833,146402.99807757683,0.6790515572069142,0.4229049630681059,1.0
FKID000842,elevated,0,3,2,1,0,0,0.6284233089779543,121836.92331692285,327891.7280354764,62.84233089779525,169614.25468733904,0.6506820533819835,0.4538926491120535,1.0
FKID004694,normal,0,2,2,0,0,0,0.42879093615118513,97019.25240592669,169848.93718634217,42.87909361511825,201756.91378951765,0.6725722440310071,0.4314588852409345,1.0
FKID004967,normal,0,2,2,0,0,0,0.42879093615118513,109216.96131770319,191203.13074480597,42.879093615118286,115732.32414245946,0.6793103582988712,0.4268663766454953,0.8421052631578947
FKID008103,normal,0,2,2,0,0,0,0.42879093615118513,1192286.6584553067,2087303.465427635,42.879093615118485,2987207.363731425,0.5056611060946288,0.4223150730800641,0.8421052631578947
FKID000164,normal,0,2,2,0,0,0,0.42879093615118513,139152.75380067373,243610.8994193133,42.87909361511835,174205.9430790029,0.6828907213210744,0.4497782769188255,1.0
FKID000346,normal,0,2,2,0,0,0,0.42879093615118513,268089.19284984545,469336.3775488026,42.87909361511842,339488.09658244194,0.6455097531394642,0.4306132539693831,0.8421052631578947
FKID003103,normal,0,2,2,0,0,0,0.42879093615118513,102505.07630461965,179452.81822725115,42.879093615118286,148832.18158616303,0.6646987745829482,0.4128581926726906,0.8421052631578947
FKID001931,normal,0,2,2,0,0,0,0.42879093615118513,89457.74402395014,156611.2124012574,42.87909361511824,224379.32633707026,0.6693175650627632,0.4696828107947042,1.0
FKID001932,normal,0,2,2,0,0,0,0.42879093615118513,136630.4308659525,239195.1380206307,42.87909361511834,225450.31385858342,0.675278842047122,0.4696828107947042,1.0
FKID000528,normal,0,2,2,0,0,0,0.42879093615118513,42491.77173652963,74389.17626800152,42.87909361511793,45620.097811265914,0.6700278627808904,0.4853832658299251,1.0
FKID000968,normal,0,2,2,0,0,0,0.42879093615118513,35543.703734549716,62225.38468674801,42.879093615117824,44796.65044952008,0.6835458828388872,0.4877894873589212,1.0
FKID001489,normal,0,2,2,0,0,0,0.42879093615118513,86076.64365224965,150692.01295978043,42.87909361511824,115874.77122416731,0.6763844153996201,0.4487913351319025,1.0
FKID003235,normal,0,2,2,0,0,0,0.42879093615118513,32047.136550862157,56104.04067282843,42.87909361511776,56284.62725157898,0.6897632840817196,0.4951255813322048,1.0
